-- AoTv4 summon-pet system -- GENERATED by gen_summons.py, do not hand-edit.
-- Bear and Leopard are cloned from the skel_pet_ family (the only one
-- spanning levels 1-68) with the race swapped: same stat scaling, right look.

-- idempotent: clear anything a previous run made
DELETE FROM pets      WHERE type LIKE 'AoTBear%%' OR type LIKE 'AoTLeopard%%';
DELETE FROM npc_types WHERE id BETWEEN 950000 AND 950199;
DELETE FROM spells_new         WHERE id BETWEEN 50200 AND 50399;
DELETE FROM aotv4_spell_origin WHERE spell_id BETWEEN 50200 AND 50399;

-- Bear clones
CREATE TEMPORARY TABLE aotv4_clone AS SELECT n.* FROM npc_types n JOIN pets p ON p.npcID=n.id WHERE p.type='skel_pet_1_' AND p.petpower=0 LIMIT 1;
UPDATE aotv4_clone SET id=950000, race=43, name='AoTBear1', lastname='';
INSERT INTO npc_types SELECT * FROM aotv4_clone;
DROP TEMPORARY TABLE aotv4_clone;
INSERT INTO pets (type, petpower, npcID, temp, petcontrol, petnaming, monsterflag, equipmentset) VALUES ('AoTBear1', 0, 950000, 0, 2, 3, 0, -1);
CREATE TEMPORARY TABLE aotv4_clone AS SELECT n.* FROM npc_types n JOIN pets p ON p.npcID=n.id WHERE p.type='skel_pet_9_' AND p.petpower=0 LIMIT 1;
UPDATE aotv4_clone SET id=950001, race=43, name='AoTBear10', lastname='';
INSERT INTO npc_types SELECT * FROM aotv4_clone;
DROP TEMPORARY TABLE aotv4_clone;
INSERT INTO pets (type, petpower, npcID, temp, petcontrol, petnaming, monsterflag, equipmentset) VALUES ('AoTBear10', 0, 950001, 0, 2, 3, 0, -1);
CREATE TEMPORARY TABLE aotv4_clone AS SELECT n.* FROM npc_types n JOIN pets p ON p.npcID=n.id WHERE p.type='skel_pet_19_' AND p.petpower=0 LIMIT 1;
UPDATE aotv4_clone SET id=950002, race=43, name='AoTBear20', lastname='';
INSERT INTO npc_types SELECT * FROM aotv4_clone;
DROP TEMPORARY TABLE aotv4_clone;
INSERT INTO pets (type, petpower, npcID, temp, petcontrol, petnaming, monsterflag, equipmentset) VALUES ('AoTBear20', 0, 950002, 0, 2, 3, 0, -1);
CREATE TEMPORARY TABLE aotv4_clone AS SELECT n.* FROM npc_types n JOIN pets p ON p.npcID=n.id WHERE p.type='skel_pet_29_' AND p.petpower=0 LIMIT 1;
UPDATE aotv4_clone SET id=950003, race=43, name='AoTBear30', lastname='';
INSERT INTO npc_types SELECT * FROM aotv4_clone;
DROP TEMPORARY TABLE aotv4_clone;
INSERT INTO pets (type, petpower, npcID, temp, petcontrol, petnaming, monsterflag, equipmentset) VALUES ('AoTBear30', 0, 950003, 0, 2, 3, 0, -1);
CREATE TEMPORARY TABLE aotv4_clone AS SELECT n.* FROM npc_types n JOIN pets p ON p.npcID=n.id WHERE p.type='skel_pet_37_' AND p.petpower=0 LIMIT 1;
UPDATE aotv4_clone SET id=950004, race=43, name='AoTBear40', lastname='';
INSERT INTO npc_types SELECT * FROM aotv4_clone;
DROP TEMPORARY TABLE aotv4_clone;
INSERT INTO pets (type, petpower, npcID, temp, petcontrol, petnaming, monsterflag, equipmentset) VALUES ('AoTBear40', 0, 950004, 0, 2, 3, 0, -1);
CREATE TEMPORARY TABLE aotv4_clone AS SELECT n.* FROM npc_types n JOIN pets p ON p.npcID=n.id WHERE p.type='skel_pet_47_' AND p.petpower=0 LIMIT 1;
UPDATE aotv4_clone SET id=950005, race=43, name='AoTBear50', lastname='';
INSERT INTO npc_types SELECT * FROM aotv4_clone;
DROP TEMPORARY TABLE aotv4_clone;
INSERT INTO pets (type, petpower, npcID, temp, petcontrol, petnaming, monsterflag, equipmentset) VALUES ('AoTBear50', 0, 950005, 0, 2, 3, 0, -1);
CREATE TEMPORARY TABLE aotv4_clone AS SELECT n.* FROM npc_types n JOIN pets p ON p.npcID=n.id WHERE p.type='skel_pet_61_' AND p.petpower=0 LIMIT 1;
UPDATE aotv4_clone SET id=950006, race=43, name='AoTBear60', lastname='';
INSERT INTO npc_types SELECT * FROM aotv4_clone;
DROP TEMPORARY TABLE aotv4_clone;
INSERT INTO pets (type, petpower, npcID, temp, petcontrol, petnaming, monsterflag, equipmentset) VALUES ('AoTBear60', 0, 950006, 0, 2, 3, 0, -1);
CREATE TEMPORARY TABLE aotv4_clone AS SELECT n.* FROM npc_types n JOIN pets p ON p.npcID=n.id WHERE p.type='skel_pet_67_' AND p.petpower=0 LIMIT 1;
UPDATE aotv4_clone SET id=950007, race=43, name='AoTBear65', lastname='';
INSERT INTO npc_types SELECT * FROM aotv4_clone;
DROP TEMPORARY TABLE aotv4_clone;
INSERT INTO pets (type, petpower, npcID, temp, petcontrol, petnaming, monsterflag, equipmentset) VALUES ('AoTBear65', 0, 950007, 0, 2, 3, 0, -1);

-- Leopard clones
CREATE TEMPORARY TABLE aotv4_clone AS SELECT n.* FROM npc_types n JOIN pets p ON p.npcID=n.id WHERE p.type='skel_pet_1_' AND p.petpower=0 LIMIT 1;
UPDATE aotv4_clone SET id=950100, race=439, name='AoTLeopard1', lastname='';
INSERT INTO npc_types SELECT * FROM aotv4_clone;
DROP TEMPORARY TABLE aotv4_clone;
INSERT INTO pets (type, petpower, npcID, temp, petcontrol, petnaming, monsterflag, equipmentset) VALUES ('AoTLeopard1', 0, 950100, 0, 2, 3, 0, -1);
CREATE TEMPORARY TABLE aotv4_clone AS SELECT n.* FROM npc_types n JOIN pets p ON p.npcID=n.id WHERE p.type='skel_pet_9_' AND p.petpower=0 LIMIT 1;
UPDATE aotv4_clone SET id=950101, race=439, name='AoTLeopard10', lastname='';
INSERT INTO npc_types SELECT * FROM aotv4_clone;
DROP TEMPORARY TABLE aotv4_clone;
INSERT INTO pets (type, petpower, npcID, temp, petcontrol, petnaming, monsterflag, equipmentset) VALUES ('AoTLeopard10', 0, 950101, 0, 2, 3, 0, -1);
CREATE TEMPORARY TABLE aotv4_clone AS SELECT n.* FROM npc_types n JOIN pets p ON p.npcID=n.id WHERE p.type='skel_pet_19_' AND p.petpower=0 LIMIT 1;
UPDATE aotv4_clone SET id=950102, race=439, name='AoTLeopard20', lastname='';
INSERT INTO npc_types SELECT * FROM aotv4_clone;
DROP TEMPORARY TABLE aotv4_clone;
INSERT INTO pets (type, petpower, npcID, temp, petcontrol, petnaming, monsterflag, equipmentset) VALUES ('AoTLeopard20', 0, 950102, 0, 2, 3, 0, -1);
CREATE TEMPORARY TABLE aotv4_clone AS SELECT n.* FROM npc_types n JOIN pets p ON p.npcID=n.id WHERE p.type='skel_pet_29_' AND p.petpower=0 LIMIT 1;
UPDATE aotv4_clone SET id=950103, race=439, name='AoTLeopard30', lastname='';
INSERT INTO npc_types SELECT * FROM aotv4_clone;
DROP TEMPORARY TABLE aotv4_clone;
INSERT INTO pets (type, petpower, npcID, temp, petcontrol, petnaming, monsterflag, equipmentset) VALUES ('AoTLeopard30', 0, 950103, 0, 2, 3, 0, -1);
CREATE TEMPORARY TABLE aotv4_clone AS SELECT n.* FROM npc_types n JOIN pets p ON p.npcID=n.id WHERE p.type='skel_pet_37_' AND p.petpower=0 LIMIT 1;
UPDATE aotv4_clone SET id=950104, race=439, name='AoTLeopard40', lastname='';
INSERT INTO npc_types SELECT * FROM aotv4_clone;
DROP TEMPORARY TABLE aotv4_clone;
INSERT INTO pets (type, petpower, npcID, temp, petcontrol, petnaming, monsterflag, equipmentset) VALUES ('AoTLeopard40', 0, 950104, 0, 2, 3, 0, -1);
CREATE TEMPORARY TABLE aotv4_clone AS SELECT n.* FROM npc_types n JOIN pets p ON p.npcID=n.id WHERE p.type='skel_pet_47_' AND p.petpower=0 LIMIT 1;
UPDATE aotv4_clone SET id=950105, race=439, name='AoTLeopard50', lastname='';
INSERT INTO npc_types SELECT * FROM aotv4_clone;
DROP TEMPORARY TABLE aotv4_clone;
INSERT INTO pets (type, petpower, npcID, temp, petcontrol, petnaming, monsterflag, equipmentset) VALUES ('AoTLeopard50', 0, 950105, 0, 2, 3, 0, -1);
CREATE TEMPORARY TABLE aotv4_clone AS SELECT n.* FROM npc_types n JOIN pets p ON p.npcID=n.id WHERE p.type='skel_pet_61_' AND p.petpower=0 LIMIT 1;
UPDATE aotv4_clone SET id=950106, race=439, name='AoTLeopard60', lastname='';
INSERT INTO npc_types SELECT * FROM aotv4_clone;
DROP TEMPORARY TABLE aotv4_clone;
INSERT INTO pets (type, petpower, npcID, temp, petcontrol, petnaming, monsterflag, equipmentset) VALUES ('AoTLeopard60', 0, 950106, 0, 2, 3, 0, -1);
CREATE TEMPORARY TABLE aotv4_clone AS SELECT n.* FROM npc_types n JOIN pets p ON p.npcID=n.id WHERE p.type='skel_pet_67_' AND p.petpower=0 LIMIT 1;
UPDATE aotv4_clone SET id=950107, race=439, name='AoTLeopard65', lastname='';
INSERT INTO npc_types SELECT * FROM aotv4_clone;
DROP TEMPORARY TABLE aotv4_clone;
INSERT INTO pets (type, petpower, npcID, temp, petcontrol, petnaming, monsterflag, equipmentset) VALUES ('AoTLeopard65', 0, 950107, 0, 2, 3, 0, -1);

-- helper summon spells: one per pet per band
INSERT INTO spells_new (`id`,`name`,`teleport_zone`,`range`,`cast_time`,`recast_time`,`recovery_time`,`buffdurationformula`,`buffduration`,`mana`,`icon`,`new_icon`,`memicon`,`targettype`,`resisttype`,`goodEffect`,`classes8`,`spell_category`,`not_extendable`,`effectid1`,`effect_base_value1`,`formula1`) VALUES (50200,'Summon Bear','AoTBear1',0,0,0,0,0,0,0,2511,161,161,6,0,1,255,-99,1,33,1,100);
INSERT INTO aotv4_spell_origin (spell_id, origin, bucket) VALUES (50200, 'aotv4', 'H');
INSERT INTO spells_new (`id`,`name`,`teleport_zone`,`range`,`cast_time`,`recast_time`,`recovery_time`,`buffdurationformula`,`buffduration`,`mana`,`icon`,`new_icon`,`memicon`,`targettype`,`resisttype`,`goodEffect`,`classes8`,`spell_category`,`not_extendable`,`effectid1`,`effect_base_value1`,`formula1`) VALUES (50201,'Summon Bear','AoTBear10',0,0,0,0,0,0,0,2511,161,161,6,0,1,255,-99,1,33,1,100);
INSERT INTO aotv4_spell_origin (spell_id, origin, bucket) VALUES (50201, 'aotv4', 'H');
INSERT INTO spells_new (`id`,`name`,`teleport_zone`,`range`,`cast_time`,`recast_time`,`recovery_time`,`buffdurationformula`,`buffduration`,`mana`,`icon`,`new_icon`,`memicon`,`targettype`,`resisttype`,`goodEffect`,`classes8`,`spell_category`,`not_extendable`,`effectid1`,`effect_base_value1`,`formula1`) VALUES (50202,'Summon Bear','AoTBear20',0,0,0,0,0,0,0,2511,161,161,6,0,1,255,-99,1,33,1,100);
INSERT INTO aotv4_spell_origin (spell_id, origin, bucket) VALUES (50202, 'aotv4', 'H');
INSERT INTO spells_new (`id`,`name`,`teleport_zone`,`range`,`cast_time`,`recast_time`,`recovery_time`,`buffdurationformula`,`buffduration`,`mana`,`icon`,`new_icon`,`memicon`,`targettype`,`resisttype`,`goodEffect`,`classes8`,`spell_category`,`not_extendable`,`effectid1`,`effect_base_value1`,`formula1`) VALUES (50203,'Summon Bear','AoTBear30',0,0,0,0,0,0,0,2511,161,161,6,0,1,255,-99,1,33,1,100);
INSERT INTO aotv4_spell_origin (spell_id, origin, bucket) VALUES (50203, 'aotv4', 'H');
INSERT INTO spells_new (`id`,`name`,`teleport_zone`,`range`,`cast_time`,`recast_time`,`recovery_time`,`buffdurationformula`,`buffduration`,`mana`,`icon`,`new_icon`,`memicon`,`targettype`,`resisttype`,`goodEffect`,`classes8`,`spell_category`,`not_extendable`,`effectid1`,`effect_base_value1`,`formula1`) VALUES (50204,'Summon Bear','AoTBear40',0,0,0,0,0,0,0,2511,161,161,6,0,1,255,-99,1,33,1,100);
INSERT INTO aotv4_spell_origin (spell_id, origin, bucket) VALUES (50204, 'aotv4', 'H');
INSERT INTO spells_new (`id`,`name`,`teleport_zone`,`range`,`cast_time`,`recast_time`,`recovery_time`,`buffdurationformula`,`buffduration`,`mana`,`icon`,`new_icon`,`memicon`,`targettype`,`resisttype`,`goodEffect`,`classes8`,`spell_category`,`not_extendable`,`effectid1`,`effect_base_value1`,`formula1`) VALUES (50205,'Summon Bear','AoTBear50',0,0,0,0,0,0,0,2511,161,161,6,0,1,255,-99,1,33,1,100);
INSERT INTO aotv4_spell_origin (spell_id, origin, bucket) VALUES (50205, 'aotv4', 'H');
INSERT INTO spells_new (`id`,`name`,`teleport_zone`,`range`,`cast_time`,`recast_time`,`recovery_time`,`buffdurationformula`,`buffduration`,`mana`,`icon`,`new_icon`,`memicon`,`targettype`,`resisttype`,`goodEffect`,`classes8`,`spell_category`,`not_extendable`,`effectid1`,`effect_base_value1`,`formula1`) VALUES (50206,'Summon Bear','AoTBear60',0,0,0,0,0,0,0,2511,161,161,6,0,1,255,-99,1,33,1,100);
INSERT INTO aotv4_spell_origin (spell_id, origin, bucket) VALUES (50206, 'aotv4', 'H');
INSERT INTO spells_new (`id`,`name`,`teleport_zone`,`range`,`cast_time`,`recast_time`,`recovery_time`,`buffdurationformula`,`buffduration`,`mana`,`icon`,`new_icon`,`memicon`,`targettype`,`resisttype`,`goodEffect`,`classes8`,`spell_category`,`not_extendable`,`effectid1`,`effect_base_value1`,`formula1`) VALUES (50207,'Summon Bear','AoTBear65',0,0,0,0,0,0,0,2511,161,161,6,0,1,255,-99,1,33,1,100);
INSERT INTO aotv4_spell_origin (spell_id, origin, bucket) VALUES (50207, 'aotv4', 'H');

INSERT INTO spells_new (`id`,`name`,`teleport_zone`,`range`,`cast_time`,`recast_time`,`recovery_time`,`buffdurationformula`,`buffduration`,`mana`,`icon`,`new_icon`,`memicon`,`targettype`,`resisttype`,`goodEffect`,`classes8`,`spell_category`,`not_extendable`,`effectid1`,`effect_base_value1`,`formula1`) VALUES (50208,'Summon Leopard','AoTLeopard1',0,0,0,0,0,0,0,2511,161,161,6,0,1,255,-99,1,33,1,100);
INSERT INTO aotv4_spell_origin (spell_id, origin, bucket) VALUES (50208, 'aotv4', 'H');
INSERT INTO spells_new (`id`,`name`,`teleport_zone`,`range`,`cast_time`,`recast_time`,`recovery_time`,`buffdurationformula`,`buffduration`,`mana`,`icon`,`new_icon`,`memicon`,`targettype`,`resisttype`,`goodEffect`,`classes8`,`spell_category`,`not_extendable`,`effectid1`,`effect_base_value1`,`formula1`) VALUES (50209,'Summon Leopard','AoTLeopard10',0,0,0,0,0,0,0,2511,161,161,6,0,1,255,-99,1,33,1,100);
INSERT INTO aotv4_spell_origin (spell_id, origin, bucket) VALUES (50209, 'aotv4', 'H');
INSERT INTO spells_new (`id`,`name`,`teleport_zone`,`range`,`cast_time`,`recast_time`,`recovery_time`,`buffdurationformula`,`buffduration`,`mana`,`icon`,`new_icon`,`memicon`,`targettype`,`resisttype`,`goodEffect`,`classes8`,`spell_category`,`not_extendable`,`effectid1`,`effect_base_value1`,`formula1`) VALUES (50210,'Summon Leopard','AoTLeopard20',0,0,0,0,0,0,0,2511,161,161,6,0,1,255,-99,1,33,1,100);
INSERT INTO aotv4_spell_origin (spell_id, origin, bucket) VALUES (50210, 'aotv4', 'H');
INSERT INTO spells_new (`id`,`name`,`teleport_zone`,`range`,`cast_time`,`recast_time`,`recovery_time`,`buffdurationformula`,`buffduration`,`mana`,`icon`,`new_icon`,`memicon`,`targettype`,`resisttype`,`goodEffect`,`classes8`,`spell_category`,`not_extendable`,`effectid1`,`effect_base_value1`,`formula1`) VALUES (50211,'Summon Leopard','AoTLeopard30',0,0,0,0,0,0,0,2511,161,161,6,0,1,255,-99,1,33,1,100);
INSERT INTO aotv4_spell_origin (spell_id, origin, bucket) VALUES (50211, 'aotv4', 'H');
INSERT INTO spells_new (`id`,`name`,`teleport_zone`,`range`,`cast_time`,`recast_time`,`recovery_time`,`buffdurationformula`,`buffduration`,`mana`,`icon`,`new_icon`,`memicon`,`targettype`,`resisttype`,`goodEffect`,`classes8`,`spell_category`,`not_extendable`,`effectid1`,`effect_base_value1`,`formula1`) VALUES (50212,'Summon Leopard','AoTLeopard40',0,0,0,0,0,0,0,2511,161,161,6,0,1,255,-99,1,33,1,100);
INSERT INTO aotv4_spell_origin (spell_id, origin, bucket) VALUES (50212, 'aotv4', 'H');
INSERT INTO spells_new (`id`,`name`,`teleport_zone`,`range`,`cast_time`,`recast_time`,`recovery_time`,`buffdurationformula`,`buffduration`,`mana`,`icon`,`new_icon`,`memicon`,`targettype`,`resisttype`,`goodEffect`,`classes8`,`spell_category`,`not_extendable`,`effectid1`,`effect_base_value1`,`formula1`) VALUES (50213,'Summon Leopard','AoTLeopard50',0,0,0,0,0,0,0,2511,161,161,6,0,1,255,-99,1,33,1,100);
INSERT INTO aotv4_spell_origin (spell_id, origin, bucket) VALUES (50213, 'aotv4', 'H');
INSERT INTO spells_new (`id`,`name`,`teleport_zone`,`range`,`cast_time`,`recast_time`,`recovery_time`,`buffdurationformula`,`buffduration`,`mana`,`icon`,`new_icon`,`memicon`,`targettype`,`resisttype`,`goodEffect`,`classes8`,`spell_category`,`not_extendable`,`effectid1`,`effect_base_value1`,`formula1`) VALUES (50214,'Summon Leopard','AoTLeopard60',0,0,0,0,0,0,0,2511,161,161,6,0,1,255,-99,1,33,1,100);
INSERT INTO aotv4_spell_origin (spell_id, origin, bucket) VALUES (50214, 'aotv4', 'H');
INSERT INTO spells_new (`id`,`name`,`teleport_zone`,`range`,`cast_time`,`recast_time`,`recovery_time`,`buffdurationformula`,`buffduration`,`mana`,`icon`,`new_icon`,`memicon`,`targettype`,`resisttype`,`goodEffect`,`classes8`,`spell_category`,`not_extendable`,`effectid1`,`effect_base_value1`,`formula1`) VALUES (50215,'Summon Leopard','AoTLeopard65',0,0,0,0,0,0,0,2511,161,161,6,0,1,255,-99,1,33,1,100);
INSERT INTO aotv4_spell_origin (spell_id, origin, bucket) VALUES (50215, 'aotv4', 'H');

INSERT INTO spells_new (`id`,`name`,`teleport_zone`,`range`,`cast_time`,`recast_time`,`recovery_time`,`buffdurationformula`,`buffduration`,`mana`,`icon`,`new_icon`,`memicon`,`targettype`,`resisttype`,`goodEffect`,`classes8`,`spell_category`,`not_extendable`,`effectid1`,`effect_base_value1`,`formula1`) VALUES (50216,'Summon SkeletalMinion','skel_pet_1_',0,0,0,0,0,0,0,2511,161,161,6,0,1,255,-99,1,33,1,100);
INSERT INTO aotv4_spell_origin (spell_id, origin, bucket) VALUES (50216, 'aotv4', 'H');
INSERT INTO spells_new (`id`,`name`,`teleport_zone`,`range`,`cast_time`,`recast_time`,`recovery_time`,`buffdurationformula`,`buffduration`,`mana`,`icon`,`new_icon`,`memicon`,`targettype`,`resisttype`,`goodEffect`,`classes8`,`spell_category`,`not_extendable`,`effectid1`,`effect_base_value1`,`formula1`) VALUES (50217,'Summon SkeletalMinion','skel_pet_9_',0,0,0,0,0,0,0,2511,161,161,6,0,1,255,-99,1,33,1,100);
INSERT INTO aotv4_spell_origin (spell_id, origin, bucket) VALUES (50217, 'aotv4', 'H');
INSERT INTO spells_new (`id`,`name`,`teleport_zone`,`range`,`cast_time`,`recast_time`,`recovery_time`,`buffdurationformula`,`buffduration`,`mana`,`icon`,`new_icon`,`memicon`,`targettype`,`resisttype`,`goodEffect`,`classes8`,`spell_category`,`not_extendable`,`effectid1`,`effect_base_value1`,`formula1`) VALUES (50218,'Summon SkeletalMinion','skel_pet_19_',0,0,0,0,0,0,0,2511,161,161,6,0,1,255,-99,1,33,1,100);
INSERT INTO aotv4_spell_origin (spell_id, origin, bucket) VALUES (50218, 'aotv4', 'H');
INSERT INTO spells_new (`id`,`name`,`teleport_zone`,`range`,`cast_time`,`recast_time`,`recovery_time`,`buffdurationformula`,`buffduration`,`mana`,`icon`,`new_icon`,`memicon`,`targettype`,`resisttype`,`goodEffect`,`classes8`,`spell_category`,`not_extendable`,`effectid1`,`effect_base_value1`,`formula1`) VALUES (50219,'Summon SkeletalMinion','skel_pet_29_',0,0,0,0,0,0,0,2511,161,161,6,0,1,255,-99,1,33,1,100);
INSERT INTO aotv4_spell_origin (spell_id, origin, bucket) VALUES (50219, 'aotv4', 'H');
INSERT INTO spells_new (`id`,`name`,`teleport_zone`,`range`,`cast_time`,`recast_time`,`recovery_time`,`buffdurationformula`,`buffduration`,`mana`,`icon`,`new_icon`,`memicon`,`targettype`,`resisttype`,`goodEffect`,`classes8`,`spell_category`,`not_extendable`,`effectid1`,`effect_base_value1`,`formula1`) VALUES (50220,'Summon SkeletalMinion','skel_pet_37_',0,0,0,0,0,0,0,2511,161,161,6,0,1,255,-99,1,33,1,100);
INSERT INTO aotv4_spell_origin (spell_id, origin, bucket) VALUES (50220, 'aotv4', 'H');
INSERT INTO spells_new (`id`,`name`,`teleport_zone`,`range`,`cast_time`,`recast_time`,`recovery_time`,`buffdurationformula`,`buffduration`,`mana`,`icon`,`new_icon`,`memicon`,`targettype`,`resisttype`,`goodEffect`,`classes8`,`spell_category`,`not_extendable`,`effectid1`,`effect_base_value1`,`formula1`) VALUES (50221,'Summon SkeletalMinion','skel_pet_47_',0,0,0,0,0,0,0,2511,161,161,6,0,1,255,-99,1,33,1,100);
INSERT INTO aotv4_spell_origin (spell_id, origin, bucket) VALUES (50221, 'aotv4', 'H');
INSERT INTO spells_new (`id`,`name`,`teleport_zone`,`range`,`cast_time`,`recast_time`,`recovery_time`,`buffdurationformula`,`buffduration`,`mana`,`icon`,`new_icon`,`memicon`,`targettype`,`resisttype`,`goodEffect`,`classes8`,`spell_category`,`not_extendable`,`effectid1`,`effect_base_value1`,`formula1`) VALUES (50222,'Summon SkeletalMinion','skel_pet_61_',0,0,0,0,0,0,0,2511,161,161,6,0,1,255,-99,1,33,1,100);
INSERT INTO aotv4_spell_origin (spell_id, origin, bucket) VALUES (50222, 'aotv4', 'H');
INSERT INTO spells_new (`id`,`name`,`teleport_zone`,`range`,`cast_time`,`recast_time`,`recovery_time`,`buffdurationformula`,`buffduration`,`mana`,`icon`,`new_icon`,`memicon`,`targettype`,`resisttype`,`goodEffect`,`classes8`,`spell_category`,`not_extendable`,`effectid1`,`effect_base_value1`,`formula1`) VALUES (50223,'Summon SkeletalMinion','skel_pet_67_',0,0,0,0,0,0,0,2511,161,161,6,0,1,255,-99,1,33,1,100);
INSERT INTO aotv4_spell_origin (spell_id, origin, bucket) VALUES (50223, 'aotv4', 'H');

INSERT INTO spells_new (`id`,`name`,`teleport_zone`,`range`,`cast_time`,`recast_time`,`recovery_time`,`buffdurationformula`,`buffduration`,`mana`,`icon`,`new_icon`,`memicon`,`targettype`,`resisttype`,`goodEffect`,`classes8`,`spell_category`,`not_extendable`,`effectid1`,`effect_base_value1`,`formula1`) VALUES (50224,'Summon FireImp','SumFireR2',0,0,0,0,0,0,0,2511,161,161,6,0,1,255,-99,1,33,1,100);
INSERT INTO aotv4_spell_origin (spell_id, origin, bucket) VALUES (50224, 'aotv4', 'H');
INSERT INTO spells_new (`id`,`name`,`teleport_zone`,`range`,`cast_time`,`recast_time`,`recovery_time`,`buffdurationformula`,`buffduration`,`mana`,`icon`,`new_icon`,`memicon`,`targettype`,`resisttype`,`goodEffect`,`classes8`,`spell_category`,`not_extendable`,`effectid1`,`effect_base_value1`,`formula1`) VALUES (50225,'Summon FireImp','SumFireR3',0,0,0,0,0,0,0,2511,161,161,6,0,1,255,-99,1,33,1,100);
INSERT INTO aotv4_spell_origin (spell_id, origin, bucket) VALUES (50225, 'aotv4', 'H');
INSERT INTO spells_new (`id`,`name`,`teleport_zone`,`range`,`cast_time`,`recast_time`,`recovery_time`,`buffdurationformula`,`buffduration`,`mana`,`icon`,`new_icon`,`memicon`,`targettype`,`resisttype`,`goodEffect`,`classes8`,`spell_category`,`not_extendable`,`effectid1`,`effect_base_value1`,`formula1`) VALUES (50226,'Summon FireImp','SumFireR6',0,0,0,0,0,0,0,2511,161,161,6,0,1,255,-99,1,33,1,100);
INSERT INTO aotv4_spell_origin (spell_id, origin, bucket) VALUES (50226, 'aotv4', 'H');
INSERT INTO spells_new (`id`,`name`,`teleport_zone`,`range`,`cast_time`,`recast_time`,`recovery_time`,`buffdurationformula`,`buffduration`,`mana`,`icon`,`new_icon`,`memicon`,`targettype`,`resisttype`,`goodEffect`,`classes8`,`spell_category`,`not_extendable`,`effectid1`,`effect_base_value1`,`formula1`) VALUES (50227,'Summon FireImp','SumFireR9',0,0,0,0,0,0,0,2511,161,161,6,0,1,255,-99,1,33,1,100);
INSERT INTO aotv4_spell_origin (spell_id, origin, bucket) VALUES (50227, 'aotv4', 'H');
INSERT INTO spells_new (`id`,`name`,`teleport_zone`,`range`,`cast_time`,`recast_time`,`recovery_time`,`buffdurationformula`,`buffduration`,`mana`,`icon`,`new_icon`,`memicon`,`targettype`,`resisttype`,`goodEffect`,`classes8`,`spell_category`,`not_extendable`,`effectid1`,`effect_base_value1`,`formula1`) VALUES (50228,'Summon FireImp','SumFireR11',0,0,0,0,0,0,0,2511,161,161,6,0,1,255,-99,1,33,1,100);
INSERT INTO aotv4_spell_origin (spell_id, origin, bucket) VALUES (50228, 'aotv4', 'H');
INSERT INTO spells_new (`id`,`name`,`teleport_zone`,`range`,`cast_time`,`recast_time`,`recovery_time`,`buffdurationformula`,`buffduration`,`mana`,`icon`,`new_icon`,`memicon`,`targettype`,`resisttype`,`goodEffect`,`classes8`,`spell_category`,`not_extendable`,`effectid1`,`effect_base_value1`,`formula1`) VALUES (50229,'Summon FireImp','SumFireR14',0,0,0,0,0,0,0,2511,161,161,6,0,1,255,-99,1,33,1,100);
INSERT INTO aotv4_spell_origin (spell_id, origin, bucket) VALUES (50229, 'aotv4', 'H');
INSERT INTO spells_new (`id`,`name`,`teleport_zone`,`range`,`cast_time`,`recast_time`,`recovery_time`,`buffdurationformula`,`buffduration`,`mana`,`icon`,`new_icon`,`memicon`,`targettype`,`resisttype`,`goodEffect`,`classes8`,`spell_category`,`not_extendable`,`effectid1`,`effect_base_value1`,`formula1`) VALUES (50230,'Summon FireImp','SumFireR15',0,0,0,0,0,0,0,2511,161,161,6,0,1,255,-99,1,33,1,100);
INSERT INTO aotv4_spell_origin (spell_id, origin, bucket) VALUES (50230, 'aotv4', 'H');
INSERT INTO spells_new (`id`,`name`,`teleport_zone`,`range`,`cast_time`,`recast_time`,`recovery_time`,`buffdurationformula`,`buffduration`,`mana`,`icon`,`new_icon`,`memicon`,`targettype`,`resisttype`,`goodEffect`,`classes8`,`spell_category`,`not_extendable`,`effectid1`,`effect_base_value1`,`formula1`) VALUES (50231,'Summon FireImp','SumFireR16',0,0,0,0,0,0,0,2511,161,161,6,0,1,255,-99,1,33,1,100);
INSERT INTO aotv4_spell_origin (spell_id, origin, bucket) VALUES (50231, 'aotv4', 'H');

INSERT INTO spells_new (`id`,`name`,`teleport_zone`,`range`,`cast_time`,`recast_time`,`recovery_time`,`buffdurationformula`,`buffduration`,`mana`,`icon`,`new_icon`,`memicon`,`targettype`,`resisttype`,`goodEffect`,`classes8`,`spell_category`,`not_extendable`,`effectid1`,`effect_base_value1`,`formula1`) VALUES (50232,'Summon Willowisp','SumAirR2',0,0,0,0,0,0,0,2511,161,161,6,0,1,255,-99,1,33,1,100);
INSERT INTO aotv4_spell_origin (spell_id, origin, bucket) VALUES (50232, 'aotv4', 'H');
INSERT INTO spells_new (`id`,`name`,`teleport_zone`,`range`,`cast_time`,`recast_time`,`recovery_time`,`buffdurationformula`,`buffduration`,`mana`,`icon`,`new_icon`,`memicon`,`targettype`,`resisttype`,`goodEffect`,`classes8`,`spell_category`,`not_extendable`,`effectid1`,`effect_base_value1`,`formula1`) VALUES (50233,'Summon Willowisp','SumAirR3',0,0,0,0,0,0,0,2511,161,161,6,0,1,255,-99,1,33,1,100);
INSERT INTO aotv4_spell_origin (spell_id, origin, bucket) VALUES (50233, 'aotv4', 'H');
INSERT INTO spells_new (`id`,`name`,`teleport_zone`,`range`,`cast_time`,`recast_time`,`recovery_time`,`buffdurationformula`,`buffduration`,`mana`,`icon`,`new_icon`,`memicon`,`targettype`,`resisttype`,`goodEffect`,`classes8`,`spell_category`,`not_extendable`,`effectid1`,`effect_base_value1`,`formula1`) VALUES (50234,'Summon Willowisp','SumAirR6',0,0,0,0,0,0,0,2511,161,161,6,0,1,255,-99,1,33,1,100);
INSERT INTO aotv4_spell_origin (spell_id, origin, bucket) VALUES (50234, 'aotv4', 'H');
INSERT INTO spells_new (`id`,`name`,`teleport_zone`,`range`,`cast_time`,`recast_time`,`recovery_time`,`buffdurationformula`,`buffduration`,`mana`,`icon`,`new_icon`,`memicon`,`targettype`,`resisttype`,`goodEffect`,`classes8`,`spell_category`,`not_extendable`,`effectid1`,`effect_base_value1`,`formula1`) VALUES (50235,'Summon Willowisp','SumAirR9',0,0,0,0,0,0,0,2511,161,161,6,0,1,255,-99,1,33,1,100);
INSERT INTO aotv4_spell_origin (spell_id, origin, bucket) VALUES (50235, 'aotv4', 'H');
INSERT INTO spells_new (`id`,`name`,`teleport_zone`,`range`,`cast_time`,`recast_time`,`recovery_time`,`buffdurationformula`,`buffduration`,`mana`,`icon`,`new_icon`,`memicon`,`targettype`,`resisttype`,`goodEffect`,`classes8`,`spell_category`,`not_extendable`,`effectid1`,`effect_base_value1`,`formula1`) VALUES (50236,'Summon Willowisp','SumAirR11',0,0,0,0,0,0,0,2511,161,161,6,0,1,255,-99,1,33,1,100);
INSERT INTO aotv4_spell_origin (spell_id, origin, bucket) VALUES (50236, 'aotv4', 'H');
INSERT INTO spells_new (`id`,`name`,`teleport_zone`,`range`,`cast_time`,`recast_time`,`recovery_time`,`buffdurationformula`,`buffduration`,`mana`,`icon`,`new_icon`,`memicon`,`targettype`,`resisttype`,`goodEffect`,`classes8`,`spell_category`,`not_extendable`,`effectid1`,`effect_base_value1`,`formula1`) VALUES (50237,'Summon Willowisp','SumAirR14',0,0,0,0,0,0,0,2511,161,161,6,0,1,255,-99,1,33,1,100);
INSERT INTO aotv4_spell_origin (spell_id, origin, bucket) VALUES (50237, 'aotv4', 'H');
INSERT INTO spells_new (`id`,`name`,`teleport_zone`,`range`,`cast_time`,`recast_time`,`recovery_time`,`buffdurationformula`,`buffduration`,`mana`,`icon`,`new_icon`,`memicon`,`targettype`,`resisttype`,`goodEffect`,`classes8`,`spell_category`,`not_extendable`,`effectid1`,`effect_base_value1`,`formula1`) VALUES (50238,'Summon Willowisp','SumAirR15',0,0,0,0,0,0,0,2511,161,161,6,0,1,255,-99,1,33,1,100);
INSERT INTO aotv4_spell_origin (spell_id, origin, bucket) VALUES (50238, 'aotv4', 'H');
INSERT INTO spells_new (`id`,`name`,`teleport_zone`,`range`,`cast_time`,`recast_time`,`recovery_time`,`buffdurationformula`,`buffduration`,`mana`,`icon`,`new_icon`,`memicon`,`targettype`,`resisttype`,`goodEffect`,`classes8`,`spell_category`,`not_extendable`,`effectid1`,`effect_base_value1`,`formula1`) VALUES (50239,'Summon Willowisp','SumAirR16',0,0,0,0,0,0,0,2511,161,161,6,0,1,255,-99,1,33,1,100);
INSERT INTO aotv4_spell_origin (spell_id, origin, bucket) VALUES (50239, 'aotv4', 'H');

